id,firstname
100,Mike
101,Farrah
102,Melodie
103,Ilse
104,Philis
105,Kristan
106,Clementine
107,Tracey
108,Caressa
109,Gloria
110,Adelle
111,Jillayne
112,Katleen
113,Cyndie
114,Gusty
115,Delilah
116,Ivett
117,Valera
118,Hildegaard
119,Pamella
120,Doralynne
121,Brena
122,Vinita
123,Edee
124,Beth
125,Tori
126,Heida
127,Mary
128,Fawne
129,Jaime
130,Marleah
131,Addia
132,Gavrielle
133,Robbi
134,Andree
135,Sandie
136,Frank
137,Sallie
138,Therine
139,Corina
140,Sean
141,Selia
142,June
143,Veda
144,Karly
145,Micheline
146,Zondra
147,Lusa
148,Zia
149,Michaelina
150,Tori
151,Jean
152,Florie
153,Candy
154,Selma
155,Jsandye
156,Consuela
157,Vere
158,Gusty
159,Ida
160,Estell
161,Rosaline
162,Carilyn
163,Siana
164,Lonnie
165,Sharai
166,Thalia
167,Lanna
168,Harmonia
169,Xylina
170,Arlena
171,Brianna
172,Loree
173,Rosene
174,Mara
175,Drucie
176,Helsa
177,Babita
178,Merrie
179,Dawn
180,Jeanna
181,Collen
182,Ida
183,Ellette
184,Jinny
185,Justinn
186,Lynnea
187,Selia
188,Tiffie
189,Lilith
190,Jeanna
191,Hollie
192,Siana
193,Nicoli
194,Maryellen
195,Chastity
196,Violet
197,Danika
198,Roslyn
199,Merrie
200,Roz
201,Heddie
202,Sandie
203,Nickie
204,Chere
205,Jacquetta
206,Chrystel
207,Ezmeralda
208,Jean
209,Millie
210,Eadie
211,Frieda
212,Dulcinea
213,Leontine
214,Pierette
215,Raquela
216,Antonietta
217,Suzette
218,Clary
219,Bobbi
220,Angela
221,Joleen
222,Tori
223,Kristina
224,Myriam
225,Moyna
226,Phylis
227,Blondelle
228,Ardenia
229,Grier
230,Pamella
231,Vita
232,Ninnetta
233,Jenilee
234,Ida
235,Maisey
236,Lolita
237,Sara-Ann
238,Wanda
239,Melisent
240,Andeee
241,Cecile
242,Stevana
243,Chere
244,Mildrid
245,Hallie
246,Merry
247,Roz
248,Gabi
249,Mariann
250,Mureil
251,Britte
252,Cassondra
253,Eugine
254,Modestia
255,Trixi
256,Teriann
257,Fawne
258,Tracey
259,Queenie
260,Fidelia
261,Emelina
262,Evaleen
263,Bill
264,Edith
265,Jaclyn
266,Sarette
267,Kristan
268,Minda
269,Isa
270,Cam
271,Andree
272,Brooks
273,Hermione
274,Lory
275,Winny
276,Charmaine
277,Paulita
278,Mariele
279,Marcy
280,Daphne
281,Oralee
282,Kaia
283,Oralee
284,Priscilla
285,Fayre
286,Ardys
287,Annabela
288,Leanna
289,Evaleen
290,Arabel
291,Steffane
292,Claresta
293,Sonni
294,Elena
295,Sharlene
296,Kary
297,Julieta
298,Estell
299,Ofilia
300,Almeta
301,June
302,Ezmeralda
303,Patricia
304,Gabi
305,Brana
306,Rebeca
307,Bobbi
308,Clarice
309,Augustine
310,Karina
311,Larine
312,Nollie
313,Dennie
314,Gwenneth
315,Zondra
316,Hayley
317,Celisse
318,Lelah
319,Tomasina
320,Dania
321,Emmey
322,Selia
323,Jan
324,Kaja
325,Selma
326,Imojean
327,Shaylyn
328,Fredericka
329,Noelle
330,Gerianna
331,Layla
332,Georgetta
333,Krystle
334,Suzette
335,Ethel
336,Genevra
337,Codie
338,Damaris
339,Ginnie
340,Kellen
341,Trixi
342,Anallese
343,Ernesta
344,Maridel
345,Mary
346,Lynnea
347,Cassondra
348,Annecorinne
349,Rosene
350,Marnia
351,Mureil
352,Alleen
353,Codie
354,Elbertina
355,Caryl
356,Alex
357,Lauryn
358,Joleen
359,Lila
360,Joeann
361,Ofilia
362,Katleen
363,Rhoda
364,Tracey
365,Carolina
366,Brooks
367,Karolina
368,Emma
369,Fred
370,Dorothy
371,Valera
372,Alisha
373,Dacia
374,Maridel
375,Imojean
376,Merci
377,Bobbi
378,Elvira
379,Kamilah
380,Edyth
381,Vanessa
382,Vonny
383,Berta
384,Susan
385,Elsie
386,Inga
387,Rubie
388,Mady
389,Ariela
390,Dode
391,Vivia
392,Rani
393,Rori
394,Silvana
395,Roseline
396,Pierette
397,Jinny
398,Rubie
399,Gilda
400,Veda
401,Devina
402,Deane
403,Sindee
404,Justinn
405,Rori
406,Yolane
407,Mahalia
408,Fanchon
409,Cathyleen
410,Winny
411,Averyl
412,Cassondra
413,Linzy
414,Nickie
415,Darci
416,Nannie
417,Cassondra
418,Fanny
419,Starla
420,Kial
421,Raf
422,Kaia
423,Josephine
424,Margette
425,Kirbee
426,Jaime
427,Justinn
428,Ricky
429,Jean
430,Doralynne
431,Kathy
432,Bee
433,Nicoli
434,Deloria
435,Dominga
436,Almeta
437,Trixi
438,Tybie
439,Carmencita
440,Sophia
441,Chickie
442,Netty
443,Eadie
444,Phedra
445,Almeta
446,Lonnie
447,Marguerite
448,Janenna
449,Arabel
450,Myriam
451,Codie
452,Clo
453,Corly
454,Jessamyn
455,Gratia
456,Helsa
457,Fred
458,Elfreda
459,Jeanna
460,Roz
461,Vevay
462,Arlena
463,Lonnie
464,June
465,Lita
466,Carolina
467,Ninnetta
468,Nannie
469,Lesly
470,Sindee
471,Margarette
472,Mady
473,Wilma
474,Modestia
475,Cherrita
476,Mahalia
477,Fidelia
478,Cordi
479,Alisha
480,Berget
481,Lacie
482,Cathie
483,Diena
484,Carmencita
485,Korrie
486,Tomasina
487,Steffane
488,Ida
489,Binny
490,Benita
491,Karolina
492,Max
493,Rhea
494,Brietta
495,Dominga
496,Linzy
497,Joleen
498,Inga
499,Concettina
500,Andree
501,Cecile
502,Molli
503,Bee
504,Carly
505,Minda
506,Alleen
507,Larine
508,Dotty
509,Lory
510,Barbi
511,Antonietta
512,Rozele
513,Zsa Zsa
514,Nita
515,Anestassia
516,Deloria
517,Merrie
518,Jolyn
519,Nariko
520,Shel
521,Suzette
522,Harrietta
523,Lanae
524,Marcy
525,Merrie
526,Lucy
527,Kayla
528,Coral
529,Vita
530,Ada
531,Desirae
532,Halette
533,Carree
534,Tori
535,Brietta
536,Jasmina
537,Margalo
538,Frieda
539,Shannah
540,Vivia
541,Tonia
542,Tori
543,Ketti
544,Mahalia
545,Lolita
546,Joceline
547,Sidoney
548,Sissy
549,Camile
550,Norine
551,Bill
552,Gusty
553,Courtnay
554,Kamilah
555,Carmela
556,Cassandra
557,Wilma
558,Kirbee
559,Beverley
560,Clarice
561,Rochette
562,Johna
563,Carmencita
564,Leontine
565,Ira
566,Blondelle
567,Bibby
568,Tani
569,Hyacinthe
570,Kalina
571,Sheelagh
572,Kerrin
573,Marti
574,Gale
575,Justinn
576,Leia
577,Jacquetta
578,Fina
579,Anthia
580,Johna
581,Daryl
582,Lucille
583,Belinda
584,Devina
585,Nicoli
586,Bobinette
587,Hermione
588,Maye
589,Cindelyn
590,Lexine
591,Nollie
592,Ellette
593,Winifred
594,Robinia
595,Nataline
596,Sharai
597,Larine
598,Sam
599,Wanda
600,Asia
601,Wileen
602,Lucy
603,Ebonee
604,Clarice
605,Karena
606,Flory
607,Aurelie
608,Deirdre
609,Brietta
610,Aurore
611,Tierney
612,Wilma
613,Lorne
614,Meg
615,Lulita
616,Jillayne
617,Barbi
618,Ronna
619,Lenna
620,Olwen
621,Sheelagh
622,Binny
623,Augustine
624,Eolanda
625,Trixi
626,Mady
627,Max
628,Jorry
629,Lila
630,Darlleen
631,Ardeen
632,Jany
633,Amii
634,Lilith
635,Gerrie
636,Korrie
637,Tori
638,Lesly
639,Consuela
640,Louella
641,Claresta
642,Carlie
643,Taffy
644,Tierney
645,Dorthy
646,Vinita
647,Ekaterina
648,Ada
649,Briney
650,Isa
651,Adriana
652,Tori
653,Debee
654,Esmeralda
655,Elena
656,Kore
657,Kelly
658,Hildegaard
659,Kylynn
660,Shaine
661,Lindie
662,Lynea
663,Renae
664,Barbara
665,Glynnis
666,Chandra
667,Rivalee
668,Rayna
669,Catrina
670,Nadine
671,Fanny
672,Tiffie
673,Chere
674,Christy
675,Cristabel
676,Dennie
677,Raquela
678,Beatriz
679,Babita
680,Stacey
681,Modestia
682,Jobi
683,Mathilda
684,Clementine
685,Tani
686,Arlena
687,Delilah
688,Dione
689,Donnie
690,Maridel
691,Quintina
692,Roxane
693,Alexine
694,Queenie
695,Andeee
696,Oona
697,Deane
698,Gusella
699,Correy
700,Emilia
701,Edyth
702,Nonnah
703,Amii
704,Nollie
705,Siana
706,Cecile
707,Georgina
708,Anthia
709,Codie
710,Helena
711,Mildrid
712,Nerta
713,Kaia
714,Corene
715,Sharlene
716,Pollyanna
717,Jaime
718,Gloria
719,Charmaine
720,Ardeen
721,Tori
722,Dorthy
723,Sarette
724,Damaris
725,Rosene
726,Roxane
727,Celene
728,Maisey
729,Jordan
730,Neila
731,Ernesta
732,Flo
733,Jemie
734,Netty
735,Bettine
736,Abbie
737,Ebonee
738,Coral
739,Cacilie
740,Maryellen
741,Nerta
742,Corry
743,Benita
744,Minda
745,Mary
746,Amara
747,Donnie
748,Lexine
749,Dode
750,Loree
751,Aryn
752,Desirae
753,Reeba
754,Elka
755,Concettina
756,Riannon
757,Antonietta
758,Marleah
759,Kimberley
760,Raf
761,Gwenneth
762,Eolanda
763,Kial
764,Marsiella
765,Elsie
766,Teddie
767,Kerrin
768,Ivett
769,Perry
770,Jessamyn
771,Malina
772,Alie
773,Raf
774,Raquela
775,Jorry
776,Romona
777,Gusella
778,Meg
779,Ann-Marie
780,Allyce
781,Isa
782,Ursulina
783,Randa
784,Augustine
785,Celestyna
786,Eugine
787,Karly
788,Tami
789,Ericka
790,Larine
791,Wilma
792,Claresta
793,Stephanie
794,Sibella
795,Babita
796,Yetty
797,Sallie
798,Gwenneth
799,Jean
800,Estell
801,Cissiee
802,Nollie
803,Ardeen
804,Courtnay
805,Sashenka
806,Demetris
807,Tersina
808,Dorice
809,Anica
810,Fred
811,Clary
812,Mariann
813,Brynna
814,Leanna
815,Emelina
816,Dede
817,Leia
818,Cyndie
819,Marnia
820,Concettina
821,Alleen
822,Gusty
823,Cristabel
824,Alisha
825,Mignon
826,Sheelagh
827,Nollie
828,Glenda
829,Ernesta
830,Eve
831,Agnese
832,Silvana
833,Rochette
834,Leontine
835,Doralynne
836,Mignon
837,Silvana
838,Dorthy
839,Amii
840,Chere
841,Aeriela
842,Oralee
843,Alameda
844,Starla
845,Elmira
846,Annabela
847,Kittie
848,Estell
849,Charissa
850,Brena
851,Jorry
852,Carree
853,Darlleen
854,Valli
855,Shandie
856,Heddie
857,Teriann
858,Stephanie
859,Rani
860,Correy
861,Ellette
862,Janeczka
863,Fawne
864,Rozele
865,Harmonia
866,Maye
867,Sue
868,Marti
869,Bernie
870,Alisha
871,Vonny
872,Christian
873,Leona
874,Gilligan
875,Talya
876,Gui
877,Edee
878,Anica
879,Evaleen
880,Leona
881,Bobbi
882,Teddie
883,Justinn
884,June
885,Lindie
886,Hildegaard
887,Kaja
888,Dianemarie
889,Eadie
890,Regina
891,Louella
892,Tracey
893,Kaia
894,Wanda
895,Jolyn
896,Andeee
897,Stacey
898,Steffane
899,Cristabel
900,Tina
901,Gianina
902,Brianna
903,Ira
904,Paola
905,Elyssa
906,Stevana
907,Chandra
908,Violet
909,Gusty
910,Paule
911,Iseabal
912,Celene
913,Hermione
914,Wendi
915,Trudie
916,Katharina
917,Christy
918,Cristabel
919,Lindie
920,Rayna
921,Lorne
922,Rochette
923,Marcy
924,Phylis
925,Aryn
926,Meg
927,Pamella
928,Yolane
929,Grier
930,Ginnie
931,Xylina
932,Anestassia
933,Henriette
934,Estell
935,Livvyy
936,Starla
937,Asia
938,Lucille
939,Misha
940,Minda
941,Celene
942,Berget
943,Alia
944,Nariko
945,Jackie
946,Thalia
947,Gianina
948,Dennie
949,Jacenta
950,Renae
951,Lilith
952,Winny
953,Nannie
954,Kimmy
955,Alameda
956,Sara-Ann
957,Marguerite
958,Ruthe
959,Lorie
960,Sarette
961,Frieda
962,Millie
963,Myrtice
964,Asia
965,Eolanda
966,Hannis
967,Adriana
968,Maryellen
969,Wileen
970,Abbie
971,Merci
972,Donetta
973,Ketti
974,Candi
975,Adelle
976,Margette
977,Maisey
978,Livvyy
979,Kathy
980,Sherrie
981,Elyssa
982,Nessie
983,Josephine
984,Mureil
985,Iseabal
986,Mariele
987,Bernie
988,Myrtice
989,Edith
990,Henriette
991,Kalina
992,Donnie
993,Patricia
994,Dagmar
995,Selia
996,Cherrita
997,Jaime
998,Correy
999,Lila
1000,Dominga
1001,Marcy
1002,Brana
1003,Paule
1004,Ann-Marie
1005,Meghann
1006,Laurene
1007,Zaria
1008,Fernande
1009,Riannon
1010,Queenie
1011,Elora
1012,Cathyleen
1013,Barbi
1014,Ellette
1015,Maud
1016,Cindelyn
1017,Madalyn
1018,Jacenta
1019,Henriette
1020,Goldie
1021,Edee
1022,Cecile
1023,Cathie
1024,Joceline
1025,Gilligan
1026,Vonny
1027,Sheree
1028,Dacia
1029,Fanchon
1030,Donnie
1031,Clarice
1032,Renie
1033,Annabela
1034,Gui
1035,Mellicent
1036,Maurene
1037,Camile
1038,Rosabelle
1039,Merrie
1040,Rivalee
1041,Codie
1042,Beth
1043,Petronia
1044,Olivette
1045,Ericka
1046,Elyssa
1047,Georgina
1048,Angelique
1049,Malina
1050,Chandra
1051,Frieda
1052,Christian
1053,Valera
1054,Rosanne
1055,Harrietta
1056,Kylynn
1057,Alejandra
1058,Mary
1059,Sissy
1060,Carolina
1061,Maridel
1062,Frank
1063,Kittie
1064,Joeann
1065,Helena
1066,Aurelie
1067,Gratia
1068,Loree
1069,Bettine
1070,Rubie
1071,Dione
1072,Lindie
1073,Albertina
1074,Renae
1075,Hope
1076,Corene
1077,Vinita
1078,Tracey
1079,Rosene
1080,Ethel
1081,Eve
1082,Helena
1083,Diena
1084,Cathie
1085,Jere
1086,Fawne
1087,Hope
1088,Maryellen
1089,Johna
1090,Aaren
1091,Madelle
1092,Philis
1093,Roz
1094,Lusa
1095,Fanny
1096,Xylina
1097,Claudina
1098,Damaris
1099,Jinny